Path,Coefficient,SE,p_value,CI_Lower,CI_Upper
A: Emotion→Trust,0.7062401784356469,0.1726202207592651,0.0001241193617719681,0.3679045457474873,1.0445758111238064
B: Trust→Choice,0.37388158583121417,0.08306234366260509,3.0381972587241605e-05,0.21107939225250819,0.5366837794099202
C': Direct,0.11831914362039543,0.12803549978609682,0.3590107386087308,-0.13263043596035434,0.3692687232011452
C: Total,0.382369341511634,0.13004471497505474,0.0045805858579748455,0.12748170016052673,0.6372569828627412
Indirect (Mediation),0.26405019789123935,0.08721568639530974,0.002465416823522082,0.1319758226166285,0.45746809160673946
