Group,Emotion_Coef,Trust_Coef,R_squared
Heard,0.11831914362039543,0.37388158583121417,0.33724847064975727
Actual,0.4830769230769363,0.9979487179487064,0.8445821804095186
Difference,0.36475777945654086,0.6240671321174922,0.5073337097597613
