Group,Emotion_Coef,Trust_Coef,R_squared
Heard,0.20841273901818697,0.3078643536354423,0.331782555279976
Actual,0.4038461538461723,1.0714285714285527,0.8085164835164836
Difference,0.19543341482798532,0.7635642177931105,0.4767339282365076
