Group,Path_a,Path_b,Indirect_Effect
Heard,0.7062401784356469,0.37388158583121417,0.26405019789123935
Actual,0.15517241379310343,0.9979487179487064,0.15485411140583374
