Group,Path_a,Path_b,Indirect_Effect
Heard,0.7088369616085981,0.3078643536354423,0.21822563301854186
Actual,2.220446049250313e-16,1.0714285714285527,2.379049338482437e-16
