Path,With_Covariates_Coefficient,p_value,Significant
a (Emotion→Trust),0.7095151648411674,9.164259428342006e-07,Yes
b (Trust→Choice),0.31160694210823275,2.8257616409063225e-07,Yes
Indirect Effect,0.22108985089557487,,Yes
